estimate	tstat	pvalue
control - ctrl-pos	-395.021340716581	-46.0278748232089	0
ctrl-neg - ctrl-pos	-367.078523402415	-42.7719785842586	0
drg1 - ctrl-pos	17.2381345372015	2.00858692146766	0.176387413959564
drg2 - ctrl-pos	-171.580682860291	-19.9925760427219	0
drg3 - ctrl-pos	-319.274497159986	-37.2018548741307	0
