estimate	tstat	pvalue
control - ctrl-pos	-380.515405439945	-87.6315536949052	0
ctrl-neg - ctrl-pos	-361.950780920665	-83.3561764903841	0
drg1 - ctrl-pos	22.0838344193538	5.08584066253902	3.73688115551385e-06
drg2 - ctrl-pos	-158.20936384642	-36.4351407715407	0
drg3 - ctrl-pos	-309.602598899391	-71.300547577478	0
