estimate	tstat	pvalue
control - ctrl-pos	-380.271336264651	-81.6335215191503	0
ctrl-neg - ctrl-pos	-358.543205188288	-76.9691051231726	0
drg1 - ctrl-pos	15.7493440424408	3.38093959021494	0.00408586009534462
drg2 - ctrl-pos	-161.573193605504	-34.6852037460254	0
drg3 - ctrl-pos	-305.844433170773	-65.6561663627013	0
